Intent,例句
commonQ.assist,需要幫助pleese
commonQ.assist,需要幫忙
commonQ.assist,我需要一些信息
commonQ.assist,你會幫我嗎？
commonQ.assist,你還能做什麼？
commonQ.assist,你是做什麼？
commonQ.assist,你能幫我什麼？
commonQ.assist,你能做什麼？
commonQ.assist,你擅長什麼？
commonQ.assist,需要幫助PLZ
commonQ.assist,你怎麼能幫我
commonQ.assist,你能幫助我嗎？
commonQ.assist,你怎麼協助？
commonQ.assist,你怎麼能幫幫我？
commonQ.assist,你好嗎？
commonQ.assist,怎麼幫你？
commonQ.assist,你將如何幫助我？
commonQ.assist,我需要幫助
commonQ.assist,你能告訴一些信息嗎？
commonQ.assist,請幫幫我
commonQ.bot,這是機器人嗎？
commonQ.bot,有機器人和我聊天嗎？
commonQ.bot,是自動消息嗎？
commonQ.bot,基於計算機的pely
commonQ.bot,機器人還是人類？
commonQ.bot,Bot和我聊天？
commonQ.bot,你是系統生成的消息嗎？
commonQ.bot,你是機器人嗎？
commonQ.bot,你有機器嗎？
commonQ.bot,你只是電腦嗎？
commonQ.bot,你是機器人嗎？
commonQ.bot,你是一個人嗎？
commonQ.bot,你是機器嗎？
commonQ.bot,你是聊天機器人嗎？
commonQ.bot,你是機器人嗎？
commonQ.bot,這些自動消息是？
commonQ.bot,我在和機器人說話嗎？
commonQ.bot,你是男孩是女孩嗎？
commonQ.bot,你是機器人還是人類？
commonQ.bot,這是一台機器？
commonQ.bot,這是聊天機器人？
commonQ.bot,系統生成的回复
commonQ.bot,先生，你係統genretrd
commonQ.bot,這是基於計算機的響應
commonQ.bot,這是機器嗎？
commonQ.bot,你是人嗎？
commonQ.how,最近怎麼樣？
commonQ.how,你今天過的好嗎？
commonQ.how,你好嗎？
commonQ.how,這是怎麼回事？
commonQ.how,發生了什麼？
commonQ.how,Kya chal raha？
commonQ.how,日wassup？
commonQ.how,你好嗎？
commonQ.how,你還好嗎？
commonQ.how,你好嗎？
commonQ.how,你好嗎？
commonQ.how,你好嗎？
commonQ.just_details,只提供我的號碼
commonQ.just_details,只提供我的電子郵件
commonQ.just_details,僅提供我的聯繫方式
commonQ.just_details,只有在這裡給我聯繫
commonQ.just_details,我就在這裡提供我的號碼
commonQ.just_details,我就在這裡提供我的詳細信息
commonQ.name,你是誰？
commonQ.name,我能打電話給你什麼？
commonQ.name,你的名字？
commonQ.name,請告訴我你的名字？
commonQ.name,你在那裡嗎？
commonQ.name,有人在嗎？
commonQ.name,你叫什麼名字？
commonQ.name,你是阿比爾嗎？
commonQ.name,有人在嗎？
commonQ.name,你的名字是？
commonQ.name,誰在聊天？
commonQ.name,說說你自己？
commonQ.name,你是誰？
commonQ.name,我和誰聊天？
commonQ.name,你叫什麼名字？
commonQ.name,我該怎麼說你的名字？
commonQ.name,告訴我你的名字？
commonQ.name,你叫什麼名字？
commonQ.not_giving,不，我不會提供信息。
commonQ.not_giving,不，不能給你。
commonQ.not_giving,我不想告訴
commonQ.not_giving,我不想
commonQ.not_giving,我不這麼認為
commonQ.not_giving,截至目前還沒有。
commonQ.not_giving,不能告訴你
commonQ.not_giving,不會告訴
commonQ.not_giving,不會給你
commonQ.not_giving,對不起，但我不會
commonQ.not_giving,現在我沒有它。
commonQ.query,我有個問題
commonQ.query,需要aska查詢
commonQ.query,我有一個問題問你
commonQ.query,有查詢
commonQ.query,我有一個查詢給你
commonQ.query,我有一個問題
commonQ.query,有你的問題
commonQ.wait,等兩分鐘
commonQ.wait,你能等一下嗎？
commonQ.wait,你能等一下嗎？
commonQ.wait,請耐心等待
commonQ.wait,等一段時間
commonQ.wait,希望你等我
commonQ.wait,你能等兩分鐘嗎？
contact.contact,聯繫我到abcd公司的支持
contact.contact,我想要你回電話
contact.contact,請告訴我你的tollfree號碼？
contact.contact,請告訴我你的手機號碼？
contact.contact,你公司的地址？
contact.contact,abcd公司的地址？
contact.contact,如何联系abcd公司團隊？
contact.contact,如何與您的團隊取得聯繫？
contact.contact,您的團隊可以如何联系？
contact.contact,你的幫助熱線號碼？
contact.contact,貴公司的地址？
contact.contact,怎麼見到你
contact.contact,您的電子郵件地址？
contact.contact,你在kolkata有分店嗎？
contact.contact,聯繫代表如何？
contact.contact,我如何联係你？
contact.contact,如何與您的團隊取得聯繫？
contact.contact,怎麼聯繫你？
contact.contact,你的熱線電話號碼是多少？
contact.contact,我打電話給你的電話號碼是多少？
contact.contact,我可以打電話來討論哪個號碼？
contact.contact,我應該使用哪封電子郵件與您聯繫？
contact.contact,我必須使用哪封電子郵件與您聯繫？
contact.contact,給我你需要說的號碼
contact.contact,給我你的手機號碼
contact.contact,給我手機號碼，我會打電話給你
contact.contact,我必須使用電子郵件與您協調
contact.contact,取得聯繫
contact.contact,我需要幫助。給我支持。
contact.contact,需要撥打電話
contact.contact,需要一個人和我聊天
contact.contact,需要人工代理
contact.contact,需要客戶服務
contact.contact,請指導我關於貸款？
contact.contact,請通過我的個人編號9999999999與我聯繫
contact.contact,沒解決我的疑問
contact.contact,請聯繫我
contact.contact,請指導我
contact.contact,以後給我打電話
contact.contact,用我的電話號碼給我打電話？
contact.contact,999999999給我打電話
contact.contact,安排打電話給我
contact.contact,叫我的電話號碼
contact.contact,我明天應該打個電話嗎？
contact.contact,我明天可以打電話嗎？
contact.contact,通過我的手機號碼與我聯繫
contact.contact,撥打手機號碼9999999999
contact.contact,撥打我的電話號碼9999999999
contact.contact,通過我的電話號碼與我聯繫
contact.contact,現在撥打9999999999
contact.contact,請讓我解決我的疑問？
contact.contact,請撥打我的電話號碼
contact.contact,想要一個人聊天
contact.contact,請立即聯繫我
contact.contact,叫我號碼
contact.contact,想和一個人聊天
contact.contact,你的電子郵件ID是多少？
contact.contact,需要與行政人員交談
contact.contact,需要與您的團隊取得聯繫？
contact.contact,需要聯繫客戶服務。
contact.contact,需要聯繫客戶服務代理商。
contact.contact,需要聯繫客戶服務主管
contact.contact,現在請聯繫客戶服務代理商
contact.contact,我應該在哪個號碼上找到你？
contact.contact,我可以通過哪個號碼聯繫您的團隊？
contact.contact,你能收到哪封電子郵件？
contact.contact,怎麼去找你？
contact.contact,我可以在銀行見到任何人嗎？
contact.contact,我可以聯繫客服嗎？
contact.contact,你能告訴我你的電子郵件ID嗎？
contact.contact,你能提供行政號碼幫助嗎？
contact.contact,您能否分享支持的聯繫方式？
contact.contact,需要聯繫你們
contact.contact,需要與Simpler Loan團隊取得聯繫？
contact.contact,我可以獲得貴公司的電話號碼嗎？
contact.contact,我可以撥打電話嗎？
contact.contact,我想和執行官談談
contact.contact,是否可以在銀行遇到任何人
contact.contact,我想跟你聊聊
contact.contact,我想聯繫有關人士。
contact.contact,我想聯繫你的團隊
contact.contact,我想抓住你
contact.contact,我想和客戶服務主管談談
contact.contact,如何與您的團隊聯繫？
contact.contact,我可以用電子郵件與您聯繫？
contact.contact,你有分店嗎？
contact.contact,客戶支持？
contact.contact,客戶服務？
contact.contact,請撥打我的號碼給我打電話
contact.contact,沒有正確回答
contact.contact,需要聯繫您的團隊
contact.contact,需要聯繫人
contact.contact,如何與客戶服務聯繫？
contact.contact,什麼是您的客戶服務號碼。 ？
contact.contact,我可以打電話來討論
contact.contact,你的免費電話號碼是多少？
contact.contact,什麼是abcd公司的電子郵件ID
contact.contact,你的分支在哪裡？
contact.contact,你的辦公室在哪裡？
contact.contact,你的辦公室在哪裡？
contact.contact,Kindle發送給你手機沒有或電子郵件IDentification
contact.contact,我想和代表談談
contact.contact,請發送給您的是客戶服務沒有
contact.contact,讓我和一位高管談談
contact.contact,需要聯繫有關人員
contact.contact,想見到你的主管
contact.contact,想跟執行官談談
contact.contact,什麼是客戶服務聯繫人？
contact.contact,您公司的電子郵件ID是什麼？
contact.contact,什麼是abcd公司的免費電話號碼
contact.contact,什麼是免費電話號碼
contact.contact,什麼是最近的分支？
contact.contact,聯繫您的電子郵件地址是什麼？
contact.contact,如何與您的團隊聯繫？
contact.contact,如何與abcd公司團隊聯繫？
contact.contact,我怎麼能跟一位高管說話呢
contact.contact,如何联系您的團隊進行查詢？
contact.contact,我該怎麼聯繫你？
contact.contact,提供您的聯繫電話。
contact.contact,abcd公司團隊可以達成怎麼樣？
contact.contact,abcd公司的電子郵件地址？
contact.contact,abcd公司辦公室在哪裡？
contact.contact,在德里的任何一個分支？
contact.contact,想要了解貸款信息的執行官
contact.contact,想要溝通。那麼告訴我你的號碼
contact.contact,要聯繫到哪個電子郵件地址？
contact.contact,告訴我我可以達到的號碼？
contact.contact,請發給你號碼
contact.contact,請提供電話號碼。
contact.contact,請提供聯繫人
contact.contact,皮斯告訴手機號碼。我需要發言
contact.contact,請提供真實的人
contact.contact,請提供您的手機號碼或電子郵件ID
contact.contact,給你的電話號碼
contact.contact,需要和人類聊天
contact.contact,我想知道你在旁遮普的辦公地址？
faq.aadhaar_missing,迷失了Aadhaar
faq.aadhaar_missing,我目前沒有Aadhaar卡，我該怎麼辦？
faq.aadhaar_missing,我沒有aadhaar卡可以申請貸款
faq.aadhaar_missing,我沒有addhar卡可以獲得貸款
faq.aadhaar_missing,我沒有Aadhaar卡。我該怎麼辦？
faq.aadhaar_missing,如果Aadhaar卡丟失了，我可以提供我的申請嗎？
faq.aadhaar_missing,如果我的Aadhaar卡丟失了，我還能提交我的申請嗎？
faq.aadhaar_missing,我失去了我的aadhaar我還能申請嗎？
faq.aadhaar_missing,Aadhaar卡是否必須填寫貸款申請表？
faq.aadhaar_missing,是否必須提供Aadhaar卡來批准這筆貸款？
faq.aadhaar_missing,是否必須提供Aadhaar卡貸款？
faq.aadhaar_missing,沒有Aadhaar
faq.aadhaar_missing,沒有Aadhaar。我可以申請嗎？
faq.aadhaar_missing,沒有aadhaar。我還可以獲得貸款嗎？
faq.aadhaar_missing,這裡沒有aadhaar。我還能獲得貸款嗎？
faq.aadhaar_missing,這裡沒有aadhaar。我可以提交申請嗎？
faq.aadhaar_missing,沒有aadhaar。該怎麼辦？
faq.aadhaar_missing,沒有aadhaar得到我仍然得到貸款？
faq.aadhaar_missing,如果沒有Aadhaar卡，我可以提交申請嗎？
faq.aadhaar_missing,如果我沒有Aadhaar卡，我該怎麼辦？
faq.aadhaar_missing,如果我丟失了Aadhaar卡，我該怎麼辦？
faq.aadhaar_missing,如果我沒有Aadhaar卡，我該怎麼辦？
faq.aadhaar_missing,如果我沒有Aadhaar卡，我有什麼選擇？
faq.aadhaar_missing,告訴我你可以在沒有Aadhaar卡的情況下給我貸款嗎？
faq.aadhaar_missing,Aadhaar卡丟了還可以提交申請嗎？
faq.aadhaar_missing,Aadhaar卡丟失了。
faq.aadhaar_missing,Aadhaar卡不見了，該怎麼辦？
faq.aadhaar_missing,Aadhaar迷路了，我還能做什麼？
faq.aadhaar_missing,即使我沒有addhar卡，我可以申請貸款嗎？
faq.aadhaar_missing,我可以在沒有Aadhaar卡的情況下申請嗎？
faq.aadhaar_missing,沒有Aadhaar卡，我可以獲得貸款嗎？
faq.aadhaar_missing,即使沒有aadhaar，我還能獲得貸款嗎？
faq.aadhaar_missing,即使我沒有Aadhaar卡，我也可以提交申請嗎？
faq.aadhaar_missing,沒有Aadhaar卡，告訴我該怎麼辦？
faq.aadhaar_missing,如何在沒有Aadhaar卡的情況下獲得貸款？
faq.address_proof,我可以提供哪些地址證明？
faq.address_proof,我可以提供的地址樣張類型？
faq.address_proof,地址證明的類型。我能給予哪些。
faq.address_proof,我需要提交的地址證明。
faq.address_proof,我可以在應用程序中上傳的商家地址樣張嗎？
faq.address_proof,要上傳證明地址的賬單？
faq.address_proof,可以在申請中上傳的地址樣張？
faq.address_proof,此應用程序需要的地址證明？
faq.address_proof,需要提供哪些地址樣張？
faq.address_proof,在可以上傳地址證明的申請中？
faq.address_proof,為了證明地址，我可以上傳哪些證據？
faq.address_proof,為了證明我的地址我需要提供什麼地址？
faq.address_proof,為了證明我的地址你需要哪些賬單？
faq.address_proof,為了解決地址問題我可以上傳哪些賬單？
faq.address_proof,為了解決哪些法案可以使用Igive？
faq.address_proof,我可以在應用程序中上傳的個人地址信息？
faq.address_proof,個人地址證明我必須提供？
faq.address_proof,個人地址證明我需要給出？
faq.address_proof,個人地址樣張我需要上傳嗎？
faq.address_proof,請告訴我我可以在此應用程序中上傳哪些不同的個人地址證明？
faq.address_proof,在申請中添加個人證明？
faq.address_proof,申請時添加了個人證明？
faq.address_proof,告訴我可以在應用程序中上傳的個人地址證明是什麼？
faq.address_proof,我可以在應用程序中上傳哪些個人地址樣張？
faq.address_proof,我可以提供哪些類型的個人地址證明？
faq.address_proof,我可以將哪些類型的個人地址信息作為應用程序的一部分上傳？
faq.address_proof,我可以為我的地址提供個人地址
faq.address_proof,我可以在應用程序中上傳哪些個人地址證明？
faq.address_proof,我可以在申請表中上傳個人地址樣張嗎？
faq.address_proof,我可以在應用程序中上傳的地址信息？
faq.address_proof,我必須提供的地址證明
faq.address_proof,地址樣張我可以在申請表中上傳嗎？
faq.address_proof,地址證明我必須提供？
faq.address_proof,我需要提供的地址證明？
faq.address_proof,我需要上傳的地址樣張嗎？
faq.address_proof,地址證明的票據？
faq.address_proof,我可以提供地址證明的票據嗎？
faq.address_proof,我可以上傳賬單以獲取我的地址證明嗎？
faq.address_proof,我可以提供地址證明的票據？
faq.address_proof,提供地址證明的票據？
faq.address_proof,提供證明地址的法案
faq.address_proof,您需要處理證明的賬單嗎？
faq.address_proof,我可以在申請中提供個人地址證明嗎？
faq.address_proof,我可以在應用程序中上傳的個人地址信息？
faq.address_proof,對於應用程序，我可以上傳哪些個人地址信息？
faq.address_proof,我可以在此貸款申請中上傳不同的個人地址證明嗎？
faq.address_proof,在貸款申請中，什麼是不同的個人地址證明？
faq.address_proof,我可以上傳家庭或個人地址樣張作為申請的一部分嗎？
faq.address_proof,對於應用程序，我可以上傳哪些個人地址樣張？
faq.address_proof,我應該給你哪個地址證明？
faq.address_proof,我需要提供哪些地址證明？
faq.address_proof,我需要提供哪些地址證明？
faq.address_proof,您需要哪種地址證明？
faq.address_proof,要上傳什麼來證明我的地址？
faq.address_proof,為地址證明提供哪些賬單？
faq.address_proof,我需要提供哪些類型的地址證明？
faq.address_proof,接受哪些地址證明？
faq.address_proof,可以上傳的地址樣張類型？
faq.address_proof,我可以在貸款申請中提供個人地址證明嗎？
faq.application_process,貸款申請流程是什麼？
faq.application_process,abcd公司直接申請的流程？
faq.application_process,abcd公司直接申請貸款流程的過程？
faq.application_process,abcd公司直接申請流程？
faq.application_process,申請這筆貸款的程序？
faq.application_process,申請abcd公司的流程直接？
faq.application_process,貸款程序？
faq.application_process,有財務的程序？
faq.application_process,獲得商業融資的程序？
faq.application_process,獲得融資的程序？
faq.application_process,申請貸款的程序？
faq.application_process,貸款申請程序的程序？
faq.application_process,請告訴我如何直接申請abcd公司？
faq.application_process,請告訴我獲得貸款的過程？
faq.application_process,請告訴我申請abcd公司的過程直接？
faq.application_process,請告訴我直接申請abcd公司的方法？
faq.application_process,獲得貸款的abcd公司直接申請程序？
faq.application_process,貸款制裁程序
faq.application_process,申請簡單程序？
faq.application_process,申請abcd公司直接的程序？
faq.application_process,請告訴abcd公司直接申請獲得貸款的過程？
faq.application_process,請告訴直接註冊abcd公司的流程？
faq.application_process,請告訴申請這筆貸款的過程？
faq.application_process,請告訴直接申請abcd公司的流程？
faq.application_process,請告訴這個貸款申請的手續獲得貸款？
faq.application_process,請告訴申請手續獲得貸款？
faq.application_process,請告訴abcd公司直接申請手續獲得貸款？
faq.application_process,能告訴我abcd公司直接申請的過程嗎？
faq.application_process,能告訴我直接申請abcd公司的方法有哪些？
faq.application_process,能告訴我直接註冊abcd公司的方法有哪些？
faq.application_process,對於貸款的製裁，這個過程是什麼？
faq.application_process,貸款是什麼過程？
faq.application_process,對於貸款要求，流程是什麼？
faq.application_process,引導我貸款流程
faq.application_process,請告訴直接申請abcd公司的程序？
faq.application_process,請告訴我直接註冊abcd公司的方法？
faq.application_process,你能告訴我這筆貸款申請的程序嗎？
faq.application_process,我想要金額2的商業貸款缺乏我怎麼辦？
faq.application_process,我想要2號商業貸款缺乏如何進行？
faq.application_process,想知道我怎樣才能獲得貸款？
faq.application_process,隨著貸款的過程請指導我
faq.application_process,我在哪裡可以直接註冊abcd公司？
faq.application_process,我在哪裡可以直接申請abcd公司？
faq.application_process,這個貸款流動申請流程？
faq.application_process,要獲得貸款我如何註冊？
faq.application_process,如何獲得貸款
faq.application_process,如何填寫貸款申請表
faq.application_process,如何填寫申請表？
faq.application_process,貸款申請怎麼辦？
faq.application_process,如何申請貸款？
faq.application_process,如何申請貸款
faq.application_process,如何申請商業貸款？
faq.application_process,如何申請abcd公司直接貸款？
faq.application_process,如何申請？
faq.application_process,我將如何獲得貸款？
faq.application_process,申請這筆貸款的過程如何？
faq.application_process,我想知道貸款的程序
faq.application_process,你能告訴我申請程序嗎？
faq.application_process,你能告訴我貸款的過程嗎？
faq.application_process,能告訴我關於abcd公司直接申請的流程嗎？
faq.application_process,能告訴我關於abcd公司直接申請的程序嗎？
faq.application_process,我收到你的申請表嗎？
faq.application_process,我想要一個新的貸款是什麼程序？
faq.application_process,abcd公司直接註冊流程？
faq.application_process,abcd公司直接在線申請流程？
faq.application_process,abcd公司直接在線申請程序？
faq.application_process,abcd公司直接移動申請流程？
faq.application_process,abcd公司直接移動申請程序？
faq.application_process,abcd公司直接申請流程？
faq.application_process,abcd公司直接申請程序？
faq.application_process,abcd公司直接申請怎麼樣？
faq.application_process,abcd公司直接申請
faq.application_process,abcd公司直接申請流程？
faq.application_process,abcd公司直接申請程序？
faq.application_process,我如何進行貸款
faq.application_process,如何進行貸款
faq.application_process,我應該如何貸款？
faq.application_process,我想知道這個應用程序是如何工作的？
faq.application_process,我想貸款的過程是什麼？
faq.application_process,我需要知道新業務的貸款流程是什麼
faq.application_process,我需要貸款告訴我這個過程嗎？
faq.application_process,我需要貸款所以這個過程是什麼？
faq.application_process,我需要貸款。怎麼弄？
faq.application_process,我有生意，拿這筆貸款設施的文書工作是什麼？
faq.application_process,如何直接申請abcd公司？
faq.application_process,我如何獲得貸款？
faq.application_process,什麼是abcd公司直接申請貸款的程序？
faq.application_process,什麼是abcd公司直接申請貸款的過程？
faq.application_process,貸款的申請流程是什麼？
faq.application_process,什麼是貸款流程？
faq.application_process,貸款流程是什麼？
faq.application_process,直接申請abcd公司的程序是什麼？
faq.application_process,直接註冊abcd公司的程序是什麼？
faq.application_process,開始新業務的程序是什麼？
faq.application_process,申請這筆貸款的過程是什麼？
faq.application_process,直接註冊abcd公司的流程是什麼？
faq.application_process,貸款申請怎麼辦？
faq.application_process,幫我辦理貸款手續
faq.application_process,引導我完成貸款過程？
faq.application_process,如何申請abcd公司直接貸款？
faq.application_process,如何獲得貸款
faq.application_process,如何開始申請貸款？
faq.application_process,如何註冊獲得貸款
faq.application_process,如何註冊貸款流程
faq.application_process,你能告訴我這個過程嗎？
faq.application_process,獲得這筆貸款ewhta是procss？
faq.application_process,想知道申請流程怎麼樣？
faq.application_process,想知道貸款手續嗎？
faq.application_process,想知道申請程序
faq.application_process,想知道申請程序
faq.application_process,想知道這筆貸款的程序嗎？
faq.application_process,想知道貸款申請的過程
faq.application_process,想知道開始新業務的過程
faq.application_process,獲得貸款的步驟是什麼？
faq.application_process,如何註冊貸款
faq.application_process,如何註冊
faq.application_process,如何獲得貸款？
faq.application_process,直接申請abcd公司的流程是什麼？
faq.application_process,申請貸款的細節是什麼？
faq.application_process,申請abcd公司直接的方式有哪些？
faq.application_process,有什麼方法可以直接註冊abcd公司？
faq.application_process,什麼是貸款程序？
faq.application_process,什麼是申請流程？
faq.application_process,什麼是申請程序？
faq.application_process,這筆貸款的手續是什麼？
faq.application_process,獲得融資的程序是什麼？
faq.application_process,這筆貸款的流程和文書工作是什麼？
faq.application_process,獲得融資的過程是什麼？
faq.application_process,獲得貸款的過程是什麼？
faq.application_process,貸款制裁的過程是什麼？
faq.application_process,申請abcd公司的直接過程是什麼？
faq.application_process,申請這筆貸款的過程是什麼？
faq.application_process,直接註冊abcd公司的過程是什麼？
faq.application_process,貸款的過程是什麼？
faq.application_process,申請abcd公司的直接流程是什麼？
faq.application_process,申請簡單程序的過程是什麼？
faq.application_process,獲得融資的過程是什麼？
faq.application_process,開始新業務的過程是什麼？
faq.application_process,你的申請流程是什麼？
faq.application_process,你的貸款流程是什麼？
faq.application_process,你的申請流程是什麼？
faq.application_process,什麼是abcd公司直接申請貸款的程序？
faq.application_process,什麼是abcd公司直接申請貸款的過程？
faq.application_process,如何直接申請abcd公司？
faq.application_process,如何直接申請abcd公司的程序？
faq.application_process,怎麼可以貸款？
faq.application_process,如何獲得貸款？
faq.application_process,我如何獲得貸款？
faq.application_process,如何獲得貸款？
faq.application_process,如何獲得貸款？
faq.application_process,我如何直接申請abcd公司？
faq.application_process,我如何申請貸款？
faq.application_process,我該如何申請？
faq.application_process,我如何從貴公司貸款？
faq.application_process,我怎樣才能獲得商業貸款？
faq.application_process,我如何獲得貸款請告訴我這個過程
faq.application_process,我怎麼能得到它請告訴我流程
faq.application_process,我怎樣才能從你那裡獲得貸款？
faq.application_process,我如何填寫貸款申請表？
faq.application_process,我該如何申請商業貸款？
faq.application_process,我該如何申請貸款？
faq.application_process,我該如何申請貸款
faq.application_process,我如何直接申請abcd公司？
faq.application_process,如何獲得貸款
faq.application_process,abcd公司直接申請獲得貸款的過程？
faq.application_process,abcd公司直接申請獲得貸款的過程？
faq.application_process,貸款申請獲得貸款的程序？
faq.application_process,簡單申請獲得貸款的程序？
faq.application_process,abcd公司直接申請貸款的程序？
faq.application_process,abcd公司直接申請貸款的程序？
faq.application_process,告訴我獲得這筆貸款的過程？
faq.application_process,告訴我abcd公司直接申請的過程？
faq.application_process,告訴我申請這筆貸款的過程？
faq.application_process,告訴我這個貸款申請的程序？
faq.application_process,告訴我abcd公司直接申請的程序？
faq.application_process,告訴我appciation的程序
faq.application_process,告訴我申請simplerloan的過程？
faq.application_process,告訴我有關直接申請abcd公司的流程？
faq.application_process,獲得貸款的步驟
faq.application_process,利用貸款的步驟
faq.application_process,把你的申請表發給我
faq.application_process,為企業獲得貸款的流程？
faq.application_process,獲得商業貸款的過程？
faq.application_process,申請貸款的過程？
faq.application_process,申請流程？
faq.application_process,abcd公司直接申請貸款流程的過程？
faq.application_process,需要離線申請表
faq.application_process,需要詳細申請貸款嗎？
faq.application_process,需要貸款流程
faq.application_process,需要了解貸款流程
faq.application_process,需要你的申請表
faq.application_process,請指導我貸款的程序？
faq.application_process,請發送申請表
faq.application_process,我想知道新業務的貸款流程是什麼
faq.application_process,我想知道申請的過程
faq.application_process,我想知道貸款的過程
faq.application_process,貸款申請程序？
faq.application_process,貸款申請流程？
faq.application_process,貸款適用於karna hai
faq.application_process,移動應用程序abcd公司直接申請程序？
faq.application_process,移動應用貸款申請程序？
faq.application_process,Nedd幫助貸款程序
faq.application_process,需要貸款所以怎麼可能？
faq.apply_register,註冊索迪斯通行證的過程是什麼？
faq.apply_register,給我申請程序
faq.apply_register,我如何創建新帳戶？
faq.apply_register,我如何報名參加通行證？
faq.apply_register,如何註冊？
faq.apply_register,我如何註冊？
faq.apply_register,你能告訴我索迪斯通過申請的過程嗎？
faq.apply_register,你能告訴我這個過程嗎？
faq.apply_register,你能告訴我這個通行申請的程序嗎？
faq.apply_register,你能告訴我申請程序嗎？
faq.apply_register,索迪斯膳食通過登記程序？
faq.apply_register,索迪斯通過在線申請流程？
faq.apply_register,索迪斯通過在線申請程序？
faq.apply_register,通過手機或網站申請？
faq.apply_register,索迪斯移民申請程序？
faq.apply_register,索迪斯申請流程？
faq.apply_register,索迪斯申請程序？
faq.apply_register,索迪斯傳遞應用如何？
faq.apply_register,索迪斯通行證適用
faq.apply_register,索迪斯通過申請流程？
faq.apply_register,索迪斯通過申請程序？
faq.apply_register,我該怎麼辦？
faq.apply_register,我如何進行用餐通行證
faq.apply_register,如何進行通過
faq.apply_register,獲得通行證的過程是什麼？
faq.apply_register,需要新餐通過如何申請
faq.apply_register,需要新的通行證
faq.apply_register,如何申請新通行證
faq.apply_register,如何註冊新餐通行證
faq.apply_register,如何申請膳食通行證？
faq.apply_register,註冊程序
faq.apply_register,註冊高級通行證
faq.apply_register,申請保費通行證？
faq.apply_register,註冊膳食通行證。
faq.apply_register,如何申請？
faq.apply_register,申請流程？
faq.apply_register,註冊方法？
faq.apply_register,申請程序
faq.apply_register,我該如何申請？
faq.apply_register,給我註冊程序
faq.apply_register,註冊索迪斯需要填寫什麼表格
faq.apply_register,我如何加入索迪斯？
faq.apply_register,我如何預訂我的索迪斯通行證？
faq.apply_register,你能指導我完成你的公司註冊程序嗎？
faq.apply_register,註冊sodexo通行證/卡
faq.apply_register,申請通行證。
faq.apply_register,膳食通行證的登記過程？
faq.apply_register,用餐申請流程？
faq.apply_register,如何申請/註冊？
faq.apply_register,什麼是註冊流程？
faq.apply_register,我如何利用貴公司提供的服務
faq.apply_register,註冊索迪斯的過程
faq.apply_register,我註冊了嗎？
faq.apply_register,我可以在這裡註冊嗎？
faq.apply_register,你怎麼辦註冊？
faq.apply_register,我在哪裡可以申請或註冊Sodexo卡？
faq.apply_register,如何註冊？
faq.apply_register,註冊過程？
faq.apply_register,我如何申請膳食通行證？
faq.apply_register,什麼是申請流程？
faq.apply_register,應用kaise kare？
faq.apply_register,申請方法？
faq.approval_time,獲得貸款批准所需的時間？
faq.approval_time,獲得貸款批准需要的時間？
faq.approval_time,獲得貸款所需的時間是什麼？
faq.approval_time,批准貸款所需的時間？
faq.approval_time,授予貸款所需的時間？
faq.approval_time,貸款審批需要時間嗎？
faq.approval_time,貸款審批所需的時間？
faq.approval_time,為什麼這個批准花了這麼多時間？
faq.approval_time,你批准任何貸款的時間是多少？
faq.approval_time,什麼時候需要批准我的貸款
faq.approval_time,你需要批准我的貸款的時間是什麼時候
faq.approval_time,批准的持續時間是多少？
faq.approval_time,這筆貸款的批准時間是多少？
faq.approval_time,你是時候花時間批准的？
faq.approval_time,批准的時間太長了
faq.approval_time,你需要給我一筆貸款的時間嗎？
faq.approval_time,你需要時間給我一筆貸款批准嗎？
faq.approval_time,你為處理貸款制裁所需的時間
faq.approval_time,對於這筆貸款，什麼是批准時間？
faq.approval_time,貸款需要多長時間才能獲得批准？
faq.approval_time,貸款被批准後需要多長時間才能獲得這筆錢？
faq.approval_time,貸款獲得批准後需要多長時間？
faq.approval_time,貸款獲批後，您需要多長時間才能給我貸款金額？
faq.approval_time,貸款審批需要多少天？
faq.approval_time,貸款審批需要多少天？
faq.approval_time,貸款批准需要多長時間？
faq.approval_time,貸款批准多長時間？
faq.approval_time,批准貸款需要多長時間？
faq.approval_time,貸款審批需要多長時間？
faq.approval_time,批准我的貸款需要多長時間？
faq.approval_time,批准我的貸款需要多長時間？
faq.approval_time,您需要多長時間才能獲得貸款批准？
faq.approval_time,貸款批准後你需要多長時間給我貸款？
faq.approval_time,貸款批准後你需要多長時間給我錢？
faq.approval_time,提交後的多少天是批准的貸款？
faq.approval_time,貸款批准了多少天？
faq.approval_time,您可以在多長時間內提供貸款
faq.approval_time,申請後我會在多長時間內獲得貸款？
faq.approval_time,貸款批准花費了大量時間
faq.approval_time,貸款審批需要多少時間？
faq.approval_time,貸款是在多少天內批准的？
faq.approval_time,貸款審批將持續很長時間
faq.approval_time,批准的時間非常多
faq.approval_time,獲得貸款所需的時間是多少？
faq.approval_time,您需要批准的時間
faq.approval_time,您獲得貸款批准的時間
faq.approval_time,貸款制裁程序所需的時間
faq.approval_time,貸款審批流程所需的時間
faq.approval_time,申請後我會獲得多少貸款？
faq.approval_time,申請貸款後會得到多少時間？
faq.approval_time,貸款申請後需要多少時間？
faq.approval_time,貸款過程需要多長時間？
faq.approval_time,這個過程需要多長時間？
faq.approval_time,已經應用了我將獲得多少時間貸款？
faq.approval_time,批准花了很多時間......
faq.approval_time,批准時間太長。
faq.approval_time,批准時間非常多
faq.approval_time,貸款批准需要多長時間？
faq.approval_time,獲得這筆貸款需要多長時間才能獲得批准？
faq.approval_time,貸款審批需要多長時間？
faq.approval_time,貸款什麼是批准時間？
faq.approval_time,長期以來，貸款批准正在進行中
faq.bad_service,你幫不了我
faq.bad_service,我沒有得到回應
faq.bad_service,真是糟糕的支持
faq.bad_service,沒有回复你的身邊
faq.bad_service,沒有收到回复
faq.bad_service,不接受你們的任何回應
faq.bad_service,你沒有回复我的電子郵件
faq.bad_service,你們的服務非常糟糕
faq.bad_service,沒有回复我的電子郵件
faq.bad_service,您尚未回复我的電子郵件查詢
faq.bad_service,abcd公司有一個不好的支持
faq.bad_service,你支持不好
faq.bad_service,你真的服務不好
faq.bad_service,你有糟糕的服務
faq.banking_option_missing,我無法在網上銀行選項中找到我目前的銀行
faq.banking_option_missing,在網上銀行選項我找不到我的銀行
faq.banking_option_missing,在網上銀行選項我找不到我現在的銀行
faq.banking_option_missing,我的銀行沒有網上銀行選項
faq.banking_option_missing,我的銀行不存在淨銀行選擇
faq.banking_option_missing,我的銀行不存在淨銀行業務選項
faq.banking_option_missing,銀行沒有銀行選擇嗎？
faq.banking_option_missing,我的銀行不受支持
faq.banking_option_missing,我的銀行沒有選擇權
faq.banking_option_missing,我的銀行選項丟失了嗎？
faq.banking_option_missing,我目前的銀行沒有網上銀行選項
faq.banking_option_missing,你能告訴我為什麼我的銀行不存在淨銀行業務？
faq.banking_option_missing,選項中缺少我的pank？
faq.banking_option_missing,我的銀行不在選項中
faq.banking_option_missing,為什麼我目前的銀行沒有網上銀行選項？
faq.banking_option_missing,為什麼我目前的銀行不存在網上銀行選項？
faq.banking_option_missing,為什麼我目前的銀行不在網上銀行選擇？
faq.banking_option_missing,為什麼我現在的銀行沒有出現在網上銀行選項中
faq.banking_option_missing,為什麼我的銀行不受支持
faq.banking_option_missing,我是否需要一個特定銀行的賬戶才能申請貸款？
faq.banking_option_missing,你能告訴我為什麼我目前的銀行沒有網上銀行選擇嗎？
faq.banking_option_missing,我是否需要擁有某個銀行的賬戶來申請貸款，因為我的銀行在網上銀行業務方面無法獲得
faq.banking_option_missing,我是否需要有一個特定銀行的賬戶來申請貸款？
faq.banking_option_missing,為了進行貸款申請，我需要在某個銀行開設賬戶，因為我的銀行沒有出現在網上銀行選項中
faq.banking_option_missing,要申請貸款，我需要在特定銀行開立賬戶嗎？
faq.banking_option_missing,為了申請貸款，我需要在特定銀行開立賬戶，因為我的銀行不存在於銀行業務選項中
faq.banking_option_missing,對於貸款的申請，我必須在某個銀行開立賬戶，因為在我的當前銀行不可用的網上銀行選項中
faq.banking_option_missing,幫助我，因為我找不到我的銀行網上銀行選項
faq.banking_option_missing,幫助我，因為我無法找到我目前的銀行網銀行選項
faq.banking_option_missing,我應該如何繼續，因為我無法在網上銀行選擇中找到我的銀行？
faq.banking_option_missing,我在銀行網上找不到我的銀行。
faq.banking_option_missing,我無法在網上銀行選項中找到我的銀行
faq.banking_option_missing,在網上銀行選擇我找不到我的銀行？
faq.banking_option_missing,銀行不在選項中
faq.banking_option_missing,銀行沒有選項
faq.banking_option_missing,在網上銀行選擇中找不到我的銀行
faq.banking_option_missing,在netbanking選項中找不到我的銀行
faq.banking_option_missing,您不支持銀行
faq.banking_option_missing,銀行不在選項中
faq.banking_option_missing,你不支持我的銀行
faq.banking_option_missing,我需要一個特定銀行的賬戶來申請貸款嗎？
faq.banking_option_missing,我是否需要一個特定銀行的賬戶來申請貸款，因為我無法找到我當前的銀行網上銀行選項？
faq.banking_option_missing,為什麼我的銀行沒有出現在網上銀行選擇中？
faq.banking_option_missing,為什麼我的銀行沒有出現在網上銀行選項中
faq.banking_option_missing,為什麼我的銀行不存在網上銀行選項？
faq.banking_option_missing,為什麼我的銀行不存在網上銀行選項？
faq.banking_option_missing,為什麼我的銀行不在網上銀行選擇中？
faq.banking_option_missing,為什麼我的銀行沒有網上銀行選項？
faq.banking_option_missing,我的銀行不是網銀行選擇嗎？
faq.banking_option_missing,網銀行存在問題
faq.banking_option_missing,網上銀行帶來的一些問題
faq.banking_option_missing,請告訴我為什麼我目前的銀行不存在網上銀行選項？
faq.banking_option_missing,請告訴我為什麼我的銀行不存在淨銀行業務？
faq.banking_option_missing,請告訴我為什麼我的銀行銀行選項中沒有可用的銀行？
faq.biz_category_missing,如果我的業務類別未在選項中顯示，我應該輸入什麼？
faq.biz_category_missing,找不到行業類型。
faq.biz_category_missing,在選項上找不到行業類型。
faq.biz_category_missing,選項中沒有類別I
faq.biz_category_missing,我在提供的選項中找不到我的業務類別/業務類型。我應該輸入什麼？
faq.biz_category_missing,我的業務不在類別列表中
faq.biz_category_missing,如果我的業務類別未在選項中顯示，我應該輸入什麼？
faq.biz_category_missing,如果我的業務類型未在選項中顯示，我應該輸入什麼？
faq.biz_category_missing,該怎麼辦，因為我的業務沒有在選項中列出？
faq.biz_category_missing,該怎麼辦，因為我的業務沒有列在類別上？
faq.biz_category_missing,如果我的業務類別不在選項中怎麼辦？
faq.biz_category_missing,如果我的業務類別未列出，該怎麼辦？
faq.biz_category_missing,如果我的業務類型沒有列出，輸入什麼？
faq.biz_category_missing,我應該選擇哪個選項如果我的業務類別不存在？
faq.biz_category_missing,實際上我所在的業務類別沒有出現在選擇中，我該怎麼辦？
faq.biz_category_missing,Actualy我所在的業務類別不在選項中，我該怎麼辦？
faq.biz_category_missing,如果我的業務類別不在選項中
faq.biz_category_missing,行業類型不在選項中。
faq.biz_category_missing,在業務類別中，我的業務未列出，怎麼辦？
faq.biz_category_missing,在業務類型我的業務沒有列出，怎麼辦？
faq.biz_category_missing,在選項中找不到行業類型。
faq.biz_category_missing,在提供的選項中，業務類別不存在，我該怎麼辦？
faq.biz_category_missing,選項中缺少我的商務類別，我該怎麼辦？
faq.biz_category_missing,我的業務類別在選項中缺失，我該怎麼辦？
faq.biz_category_missing,選項中缺少“我的業務”類別。
faq.biz_category_missing,選項中缺少“我的業務”類別，我該怎麼辦？
faq.biz_category_missing,我的業務類別不存在。
faq.biz_category_missing,選項中缺少我的業務類別。
faq.biz_category_missing,我的業務如果不同形成選擇
faq.biz_category_missing,我的業務未在選項中列出。
faq.biz_category_missing,我的業務不存在於類別選項中。
faq.biz_category_missing,我的業務不在類別中
faq.biz_category_missing,選項中缺少“我的業務”類型，我該怎麼辦？
faq.biz_category_missing,我所在的業務不在類別列表中
faq.biz_category_missing,即使我的業務類別不在選擇中，我該怎麼辦？
faq.biz_category_missing,即使我的業務類別不在選項中，我該怎麼辦？
faq.biz_category_missing,如果我的商務類型沒有在選項中顯示，我應該輸入什麼？
faq.biz_category_missing,選項中沒有業務類別，我現在應該選擇哪個選項？
faq.biz_category_missing,選項中缺少業務類別
faq.biz_category_missing,選項中缺少業務類別。我該怎麼辦？
faq.biz_new,新公司還可以申請嗎？
faq.biz_new,我可以獲得新企業的貸款嗎？
faq.biz_new,我可以獲得新企業的貸款嗎？
faq.biz_new,我可以獲得貸款開始新業務嗎？
faq.biz_new,我可以獲得貸款來開展新業務嗎？
faq.biz_new,新業務還可以申請貸款嗎？
faq.biz_new,新公司可以申請貸款嗎？
faq.biz_new,我剛開了一家新公司
faq.biz_new,我是商業初學者
faq.biz_new,我是新手，所以我可以獲得貸款嗎？
faq.biz_new,我打算開始
faq.biz_new,我開始做生意了
faq.biz_new,我上週開始做生意
faq.biz_new,我上個月開始創業
faq.biz_new,我上週開了一家公司
faq.biz_new,我開辦新公司
faq.biz_new,我開始新公司的新業務
faq.biz_new,它是一家新公司
faq.biz_new,我想創建一個企業
faq.biz_new,我希望這筆錢能夠開展新業務
faq.biz_new,我想開一家公司
faq.biz_new,我想開一家企業
faq.biz_new,我想創業。
faq.biz_new,我想開始一項服務
faq.biz_new,我想開個小企業可以給我貸款嗎？
faq.biz_new,我想開始我的業務，所以需要貸款
faq.biz_new,我想創辦自己的企業
faq.biz_new,公司不到一年的貸款
faq.biz_new,可用於設立新業務的貸款
faq.biz_new,貸款新業務？
faq.biz_new,貸款現在開始營業了嗎？
faq.biz_new,貸款可用於新業務嗎？
faq.biz_new,我的生意很新
faq.biz_new,我的生意相對較新
faq.biz_new,我的公司在1個月前開始
faq.biz_new,我的公司剛剛開始幾個月前
faq.biz_new,需要開始自己的冒險
faq.biz_new,新業務可以獲得貸款嗎？
faq.biz_new,新企業還可以申請貸款嗎？
faq.biz_new,新企業可以獲得貸款嗎？
faq.biz_new,任何新鮮的人都可以申請貸款嗎？
faq.biz_new,新公司可以申請貸款嗎？
faq.biz_new,新開業的公司
faq.biz_new,新企業可以獲得貸款嗎？
faq.biz_new,現在開始一項新業務
faq.biz_new,最近我的公司開始了
faq.biz_new,先生，我開了新生意
faq.biz_new,上個月開始我的公司
faq.biz_new,現在開始做生意
faq.biz_new,開始新的業務
faq.biz_new,我的業務不是那麼老
faq.biz_new,這項業務相對較新
faq.biz_new,你可以給我貸款嗎？
faq.biz_new,想建立一個新的帝國
faq.biz_new,想要創業
faq.biz_new,想要創業並需要貸款
faq.biz_new,想要開始新的冒險
faq.biz_new,想要為此開始業務需求貸款
faq.biz_new,如何開始我想要貸款的新業務？
faq.biz_new,你能貸我開辦自己的公司嗎？
faq.biz_new,想創辦一家小公司。需要貸款。
faq.biz_new,新業務，我可以獲得貸款嗎？
faq.biz_new,Apna業務開放karna hai先生
faq.biz_new,業務開始karna hai
faq.biz_new,商業shuru karna hai
faq.biz_new,這是我的第一筆生意
faq.biz_new,我正在開展在線業務
faq.biz_new,新業務能從您那裡獲得貸款嗎？
faq.biz_simpler,這筆貸款對我的生意有好處嗎？
faq.biz_simpler,這筆貸款可用於各種業務嗎？
faq.biz_simpler,這筆貸款迎合了哪種業務？
faq.biz_simpler,您提供貸款的公司類型
faq.biz_simpler,你給的貸款是否適合我的公司？
faq.biz_simpler,您提供貸款的公司類型？
faq.biz_simpler,您提供貸款的公司類別
faq.biz_simpler,告訴我你貸款的公司類型
faq.biz_simpler,告訴我可以使用這筆貸款的公司類型？
faq.biz_simpler,告訴我可以直接使用abcd公司的公司類型？
faq.biz_simpler,告訴我我借給你的業務？
faq.biz_simpler,告訴我可以使用這筆貸款的業務？
faq.biz_simpler,告訴我可以直接使用abcd公司的業務？
faq.biz_simpler,為所有類型的商業提供貸款？
faq.biz_simpler,只有能直接從abcd公司申請abcd公司的企業？
faq.biz_simpler,提供貸款的公司數量
faq.biz_simpler,我的公司可以從abcd公司直接利用abcd公司嗎？
faq.biz_simpler,我的商家可以申請貸款嗎？
faq.biz_simpler,你給的貸款是哪種類型的公司？
faq.biz_simpler,貸款將提供給哪些類型的業務？
faq.biz_simpler,貸款是為哪類企業提供的？
faq.biz_simpler,貸款是為哪些企業提供的？
faq.biz_simpler,貸款是給哪些公司的？
faq.biz_simpler,貸款由您提供給哪些公司
faq.biz_simpler,貸款可以用哪個企業？
faq.biz_simpler,貸款可以由我承擔？
faq.biz_simpler,貸款可用於我們的業務嗎？
faq.biz_simpler,保持簡單tp
faq.biz_simpler,這種貸款是否適合我的業務？
faq.biz_simpler,這筆貸款是否適合我的業務？
faq.biz_simpler,貸款對我的業務有利嗎？
faq.biz_simpler,abcd公司是否直接適合我的業務？
faq.biz_simpler,abcd公司直接對我的業務有利嗎？
faq.biz_simpler,abcd公司直接適合我的業務嗎？
faq.biz_simpler,我有一個獨資企業。我可以申請嗎？
faq.biz_simpler,我有一家私人公司。我可以申請嗎？
faq.biz_simpler,abcd公司如何直接為我的公司服務？
faq.biz_simpler,我可以從貸款中獲取貸款嗎？
faq.biz_simpler,這筆貸款提供什麼類型的業務？
faq.biz_simpler,可以申請這筆貸款的公司？
faq.biz_simpler,您是否向我們的企業提供貸款？
faq.biz_simpler,我的公司可以藉你的錢嗎？
faq.biz_simpler,我的公司可以直接使用abcd公司嗎？
faq.biz_simpler,哪些業務可以藉給你？
faq.biz_simpler,你給哪些類型的公司貸款？
faq.biz_simpler,您的貸款適合哪些類型的企業？
faq.biz_simpler,什麼樣的公司使用這筆貸款
faq.biz_simpler,什麼樣的公司直接使用abcd公司
faq.biz_simpler,我可以從貴公司獲得商業貸款嗎？
faq.biz_simpler,我可以從你那裡獲得商業貸款嗎？
faq.biz_simpler,我可以從貴公司貸款嗎？
faq.biz_simpler,任何企業都可以採取？
faq.biz_simpler,可以直接利用abcd公司服務的企業？
faq.biz_simpler,任何企業都可以貸款嗎？
faq.biz_simpler,abcd公司提供貸款給哪種業務？
faq.biz_simpler,abcd公司是提供貸款，可用於各種商業？
faq.biz_simpler,abcd公司向企業提供哪種貸款？
faq.biz_simpler,abcd公司直接適合我的業務？
faq.biz_simpler,abcd公司將直接提供哪些類型的業務？
faq.biz_simpler,abcd公司直接給予哪些業務？
faq.biz_simpler,abcd公司直接給予什麼樣的業務？
faq.biz_simpler,abcd公司直接交付什麼樣的業務？
faq.biz_simpler,abcd公司直接可用於我的業務？
faq.biz_simpler,abcd公司直接可以用於什麼類型的業務？
faq.biz_simpler,abcd公司直接迎合什麼樣的業務？
faq.biz_simpler,abcd公司直接可以用哪個業務？
faq.biz_simpler,abcd公司直接可以用在我的公司嗎？
faq.biz_simpler,abcd公司直接可以用哪個企業？
faq.biz_simpler,abcd公司直接可以使用哪種類型的業務？
faq.biz_simpler,這筆貸款只給公司嗎？
faq.biz_simpler,我的公司可以直接申請abcd公司嗎？
faq.biz_simpler,誰可以從abcd公司貸款？
faq.biz_simpler,這筆貸款只給業務？
faq.biz_simpler,這筆貸款只給企業？
faq.biz_simpler,這筆貸款只給公司？
faq.biz_simpler,你可以藉貸什麼樣的生意？
faq.biz_simpler,您提供貸款的公司類型？
faq.biz_simpler,可以申請abcd公司貸款的業務類型？
faq.biz_simpler,可以藉給你的業務類型？
faq.biz_simpler,可以貸款的業務類型？
faq.biz_simpler,可以申請貴公司貸款的企業類型？
faq.biz_simpler,這筆貸款適合哪些企業？
faq.biz_simpler,哪種類型的業務可以直接申請abcd公司？
faq.biz_simpler,您可以向哪些類型的企業貸款？
faq.biz_simpler,誰可以直接申請abcd公司？
faq.biz_simpler,誰可以從abcd公司貸款？
faq.biz_simpler,您將向我們提供貸款嗎？
faq.biz_simpler,貴公司貸款給什麼樣的企業？
faq.biz_simpler,您提供哪些業務貸款？
faq.biz_simpler,您貸款給哪些類型的企業？
faq.biz_simpler,abcd公司會直接適合我的業務
faq.biz_simpler,你能給我你的貸款嗎？
faq.biz_simpler,你給哪些類型的公司貸款
faq.biz_simpler,您提供哪些類型的企業貸款？
faq.borrow_limit,我可以有多少錢？
faq.borrow_limit,我可以藉多少錢，多久？
faq.borrow_limit,貸款金額？
faq.borrow_limit,我可以藉這筆貸款嗎？
faq.borrow_limit,我可以作為貸款金額嗎？
faq.borrow_limit,我可以貸款的金額？
faq.borrow_limit,我可以承擔的貸款金額？
faq.borrow_limit,我可以獲得多少貸款額？
faq.borrow_limit,我可以作為貸款的金額？
faq.borrow_limit,我可以貸款的金額是多少？
faq.borrow_limit,我從abcd公司貸款的金額是多少？
faq.borrow_limit,我可以從您那裡獲得多少貸款？
faq.borrow_limit,借款限額？
faq.borrow_limit,借款限額？
faq.borrow_limit,你能把這筆貸款的信息寄給我嗎？
faq.borrow_limit,我可以作為貸款獲得不同的貸款額嗎？
faq.borrow_limit,我可以作為貸款的最終資金限額？
faq.borrow_limit,我可以用多長時間借錢？
faq.borrow_limit,我能得到多少錢？
faq.borrow_limit,我可以有貸款限額嗎？
faq.borrow_limit,我可以有什麼類型的貸款金額？
faq.borrow_limit,貸款需要多少錢？
faq.borrow_limit,我可以獲得多少貸款？
faq.borrow_limit,我可以獲得多少貸款？
faq.borrow_limit,我可以獲得多少貸款額？
faq.borrow_limit,我可以貸款多少貸款？
faq.borrow_limit,您向企業貸款的金額？
faq.borrow_limit,作為貸款，我可以拿多少貸款金額？
faq.borrow_limit,作為貸款，我可以擁有多少錢？
faq.borrow_limit,作為貸款，我可以有多少錢？
faq.borrow_limit,我何時必須直接從abcd公司退還貸款金額？
faq.borrow_limit,借款限額是多少？
faq.borrow_limit,貸款可以獲得多少貸款？
faq.borrow_limit,你的借款限額是多少？
faq.borrow_limit,我可以從這筆貸款中藉出的總金額是多少？
faq.borrow_limit,我可以從這筆貸款中藉到多少錢？
faq.borrow_limit,我可以貸款的貸款金額是多少？
faq.borrow_limit,我可以擁有的貸款限額是多少？
faq.borrow_limit,什麼是我可以作為貸款的錢？
faq.borrow_limit,你給企業多少錢？
faq.borrow_limit,我可以擁有多少貸款額？
faq.borrow_limit,我可以擁有多少不同的貸款額？
faq.borrow_limit,我可以從你那裡獲得多少貸款？
faq.borrow_limit,我可以藉你的貸款總額嗎？
faq.borrow_limit,我可以從你的簡單貸款中獲得的總金額？
faq.borrow_limit,我可以從您的abcd公司直接獲得的總金額？
faq.borrow_limit,我可以藉你的貸款總額嗎？
faq.borrow_limit,你提供貸款的金額是多少？
faq.borrow_limit,你給企業貸款的金額是多少？
faq.borrow_limit,告訴我可以藉貸的錢嗎？
faq.borrow_limit,告訴我我可以從你那裡獲得的貸款金額？
faq.borrow_limit,告訴我我的貸款限額？
faq.borrow_limit,借款限額是多少？
faq.borrow_limit,我可以從你那裡獲得的貸款金額？
faq.borrow_limit,我可以擁有的貸款金額？
faq.borrow_limit,我可以貸款的限額嗎？
faq.borrow_limit,需要有關我可以從簡單的錢中獲得的資金的信息嗎？
faq.borrow_limit,請發送有關我可以從這筆貸款中獲得的金額的信息？
faq.borrow_limit,請發送有關我可以從這筆貸款中獲得的資金的信息？
faq.borrow_limit,需要有關我可以直接從abcd公司獲得的資金的信息嗎？
faq.borrow_limit,需要有關我可以從這筆貸款中獲得的金額的信息嗎？
faq.borrow_limit,需要有關我可以直接從abcd公司獲取金額的信息嗎？
faq.borrow_limit,需要有關我可以從abcd公司直接購買多少錢的詳細信息？
faq.borrow_limit,需要我可以拿多少錢的詳細信息？
faq.borrow_limit,需要有關我可以從這筆貸款中獲得多少金額的詳細信息？
faq.borrow_limit,需要有關我可以從abcd公司直接購買多少金額的詳細信息？
faq.borrow_limit,我可以貸款多少錢？
faq.borrow_limit,我可以從貴公司借錢嗎？
faq.borrow_limit,我可以從這筆貸款中藉錢嗎？
faq.borrow_limit,請告訴我可藉的金額？
faq.borrow_limit,請告訴我可以從abcd公司直接借款的金額？
faq.borrow_limit,請告訴我從這筆貸款中可以藉到的金額？
faq.borrow_limit,請告訴我我可以從abcd公司直接借錢嗎？
faq.borrow_limit,發送有關我可以從這筆貸款中獲得的金額的信息？
faq.borrow_limit,發送有關我可以從這筆貸款中獲得的資金的信息？
faq.borrow_limit,告訴我從貸款中可以藉到的金額？
faq.borrow_use,借錢給我可以用於哪些目的？
faq.borrow_use,這筆借款可以用於商業目的嗎？
faq.borrow_use,這筆借款是否可以用於商業原因？
faq.borrow_use,abcd公司直接使用的案例是我
faq.borrow_use,我可以用abcd公司直接做不同的目標嗎？
faq.borrow_use,這個借來的金額可以用於不同的目的嗎？
faq.borrow_use,這筆借錢的目的不同可以用嗎？
faq.borrow_use,可以使用這筆借款的不同原因嗎？
faq.borrow_use,可以使用這筆借錢的不同原因嗎？
faq.borrow_use,我可以直接使用abcd公司的哪些功能？
faq.borrow_use,我可以使用這筆貸款的功能嗎？
faq.borrow_use,出於什麼目的，我可以直接使用abcd公司？
faq.borrow_use,出於什麼目的，我可以使用借來的金額？
faq.borrow_use,出於什麼目的，我可以使用借錢？
faq.borrow_use,借用金額可以用於哪些目的？
faq.borrow_use,我可以直接與abcd公司達成哪些目標？
faq.borrow_use,我會把這筆貸款用在哪裡？
faq.borrow_use,我在哪裡直接使用abcd公司？
faq.borrow_use,哪裡可以使用abcd公司直接匯款？
faq.borrow_use,我可以從貸款中使用這筆錢嗎？
faq.borrow_use,我在哪裡可以使用這筆貸款？
faq.borrow_use,我在哪裡可以使用貸款？
faq.borrow_use,我在哪裡可以使用貸款？
faq.borrow_use,我在哪裡可以使用借出的金額？
faq.borrow_use,我在哪裡可以直接使用abcd公司
faq.borrow_use,我可以用這筆錢買什麼？
faq.borrow_use,我可以用什麼貸款錢？
faq.borrow_use,我可以用什麼貸款金額？
faq.borrow_use,我可以用借來的錢買什麼？什麼我不能用借來的錢？
faq.borrow_use,我可以用借來的錢買什麼？
faq.borrow_use,abcd公司直接可以用於什麼目的？
faq.borrow_use,abcd公司可以使用哪些功能？
faq.borrow_use,abcd公司指導的有益之處是什麼？
faq.borrow_use,abcd公司可以使用哪些不同的東西
faq.borrow_use,借入金額有效的原因是什麼？
faq.borrow_use,借來的錢有效的目的是什麼？
faq.borrow_use,這筆借入金額有效的目的是什麼？
faq.borrow_use,我可以直接與abcd公司達成什麼不同的目標
faq.borrow_use,各種原因我可以藉錢嗎？
faq.borrow_use,各種原因我可以使用借來的金額？
faq.borrow_use,各種目的我可以用借來的金額嗎？
faq.borrow_use,這筆貸款的用例？
faq.borrow_use,用於abcd公司的用例直接
faq.borrow_use,這筆借錢用於哪些目的？
faq.borrow_use,如果我是股市交易員，那麼我可以獲得貸款
faq.borrow_use,股市交易者然後可以獲得貸款
faq.borrow_use,股市交易員我需要貸款
faq.borrow_use,股市交易員我需要從abcd公司貸款
faq.borrow_use,從abcd公司我需要貸款，我在交易
faq.borrow_use,貸款金額可以用在哪裡？
faq.borrow_use,我能獲得貸款進行股票交易嗎？
faq.borrow_use,需要貸款進行交易
faq.borrow_use,我可以直接使用abcd公司的原因是什麼？
faq.borrow_use,由於什麼原因我可以使用借來的金額？
faq.borrow_use,對於abcd公司直接幫助的場景？
faq.borrow_use,這筆貸款有哪些幫助？
faq.borrow_use,我將直接使用abcd公司的哪些功能？
faq.borrow_use,我將使用此貸款的哪些功能？
faq.borrow_use,為什麼我會直接使用abcd公司？
faq.borrow_use,我可以用借來的金額用於什麼目的？
faq.borrow_use,我可以使用借來的金額是出於什麼原因？
faq.borrow_use,在哪些情況下abcd公司直接有用？
faq.borrow_use,在哪種情況下這筆貸款會有用嗎？
faq.borrow_use,我如何使用借來的錢有什麼限制嗎？
faq.borrow_use,貸款金額可以用來做什麼？
faq.borrow_use,我可以獲得貸款進行交易嗎？
faq.borrow_use,貸款可以用於哪些目的？
faq.borrow_use,貸款我可以用於哪些目的？
faq.borrow_use,貸款可以用在哪裡？
faq.borrow_use,貸款使用？
faq.borrow_use,貸款會被我用於哪些目的？
faq.borrow_use,貸款的錢可以用在哪裡？
faq.borrow_use,abcd公司直接拿的錢可以用在哪裡？
faq.borrow_use,需要直接服用abcd公司嗎？
faq.borrow_use,目標我可以通過直接使用abcd公司來實現嗎？
faq.borrow_use,目標我可以用這筆貸款來實現嗎？
faq.borrow_use,請告訴我在哪裡可以直接使用abcd公司
faq.borrow_use,項目我可以用借來的金額嗎？
faq.borrow_use,目的我可以使用借來的金額嗎？
faq.borrow_use,我可以使用借來的金額的原因？
faq.borrow_use,告訴我可以使用借出金額的地方？
faq.borrow_use,告訴我如何借出貸款金額？
faq.borrow_use,告訴我直接與abcd公司達成哪些目標？
faq.borrow_use,貸款金額可以用在哪裡？
faq.borrow_use,abcd公司直接的東西會有用嗎？
faq.borrow_use,為什麼要直接帶abcd公司？
faq.borrow_use,這筆借款可以用於哪些理由？
faq.borrow_use,abcd公司直接授予的金額可以由我用於哪些目的？
faq.borrow_use,abcd公司直接將由我用於哪些目的？
faq.borrow_use,abcd公司直接將由我用於哪些功能
faq.borrow_use,abcd公司直接將我用於什麼目的？
faq.borrow_use,abcd公司直接對我有用的目的
faq.borrow_use,abcd公司直接可以用於哪些場景？
faq.borrow_use,abcd公司直接可以用於哪些目的？
faq.borrow_use,abcd公司直接可以用於我的目的是什麼？
faq.borrow_use,abcd公司直接可以用我來做什麼樣的功能？
faq.borrow_use,這筆貸款將由我用於哪些功能
faq.borrow_use,金額我可以用於什麼原因？
faq.borrow_use,借入的金額可以用於哪些目的？
faq.borrow_use,我借用的借款金額可以用於什麼原因？
faq.borrow_use,借給我的金額可以用於我的目的嗎？
faq.borrow_use,借來的錢可以用於哪個目的？
faq.borrow_use,借錢給我可以用於什麼原因？
