意圖,例句
帳號解鎖,系統不能登入
帳號解鎖,我想要解鎖帳號，我的帳號是…
帳號解鎖,我不小心被鎖帳號了
帳號解鎖,可以幫我解鎖帳號嗎？
帳號解鎖,我無法登入
帳號解鎖,登不進去
帳號解鎖,登入失敗
帳號解鎖,忘記密碼
帳號解鎖,忘記帳號
帳號解鎖,我不能登入了，幫我一下。
帳號解鎖,我忘記密碼了。
帳號解鎖,我登入顯示錯誤
帳號解鎖,我不記得密碼了
帳號解鎖,Hello 我ＸＸ系統登入失敗
帳號解鎖,ＸＸ系統我登不進去
帳號解鎖,我無法登入 系統有問題嗎
帳號解鎖,可以幫我解鎖ＸＸ系統嗎
帳號解鎖,你好可以幫我開通帳號嗎
帳號解鎖,Hi能否幫我解鎖
帳號解鎖,你好我登入有問題
帳號解鎖,我登不進去 是被駭了嗎？
帳號解鎖,可以幫我查詢我的密碼嗎？
帳號解鎖,可以幫我確認 我的帳號是開通的狀態嗎？
帳號解鎖,能否幫我處理無法登入問題
帳號解鎖,不知道為什麼 我今天一直無法登入系統
帳號解鎖,我無法登入 請問要如何重設密碼
帳號解鎖,請問有重設密碼功能嗎 我忘記密碼了
帳號解鎖,我密碼不見了
帳號解鎖,我不確定我的密碼是哪一個 能幫我查看看嗎？
帳號解鎖,我今天一直無法登入 系統有異常嗎？
帳號解鎖,無法進系統
帳號解鎖,系統進不去
帳號解鎖,系統登不進去
帳號解鎖,只有我系統進不去嗎？
帳號解鎖,抱歉 太久沒用 我忘記密碼了 能幫我開通嗎？
帳號解鎖,可以從哪裡重設密碼
帳號解鎖,能否幫我重設密碼
帳號解鎖,系統顯示我密碼錯誤
帳號解鎖,系統說我密碼不正確
帳號解鎖,太久沒登入系統 不記得密碼了
帳號解鎖,太久沒進系統 記不得密碼了
帳號解鎖,有半年沒登入系統 不知密碼是多少了
帳號解鎖,我不太確定我的密碼是多少
帳號解鎖,能幫我查我的密碼嗎？
帳號解鎖,請問如何更新密碼
帳號解鎖,我系統掛了 一直無法登入成功
帳號解鎖,為甚麼我無法登入
帳號解鎖,為什麼我會登入失敗
帳號解鎖,如何可以登入成功
帳號解鎖,我要如何登進系統
帳號解鎖,要如何進入系統
帳號解鎖,今天進系統一直失敗
帳號解鎖,請問解鎖時間？
帳號解鎖,請問多久可以幫我解鎖
帳號解鎖,我登入失敗 可以幫我解鎖嗎？
帳號解鎖,我不確定我的密碼是否正確
帳號解鎖,我登入一直顯示錯誤訊息
帳號解鎖,我輸入錯誤太多次了
帳號解鎖,密碼要怎麼重設呢?
帳號解鎖,我想重設密碼
帳號解鎖,我的密碼是什麼
帳號解鎖,哎呀 密碼錯了
帳號解鎖,糟糕 密碼登不進去
帳號解鎖,您好 可否幫我解鎖
帳號解鎖,帳密錯了
帳號解鎖,密碼不正確
帳號解鎖,密碼錯了
帳號解鎖,帳密有問題
帳號解鎖,系統不讓我登入
帳號解鎖,系統不給我登入
帳號解鎖,系統不理我
帳號解鎖,系統顯示錯誤
帳號解鎖,慘了 我無法登入
帳號解鎖,你能幫我解開密碼嗎
帳號解鎖,你能幫我解鎖嗎
帳號解鎖,拜託 我很急 請幫我儘快解鎖
帳號解鎖,急 請立刻協助解鎖
帳號解鎖,急 我無法登入
帳號解鎖,急 登入錯誤
帳號解鎖,急 登入失敗
帳號解鎖,急 輸入帳密後 無法登入成功
帳號解鎖,系統有改密碼嗎?
帳號解鎖,能否幫我查 我有改到我的密碼嗎?
帳號解鎖,幫我查一下 我密碼是不是有問題
帳號解鎖,密碼有問題
帳號解鎖,我密碼不對
帳號解鎖,我密碼壞了
帳號解鎖,密碼崩壞了
帳號解鎖,顯示密碼錯誤
帳號解鎖,顯示登入失敗
帳號解鎖,顯示登入不成功
帳號解鎖,我輸入帳密後系統不理我
帳號解鎖,系統掛點了嗎?我登入失敗
帳號解鎖,系統有問題嗎?我登入失敗
帳號解鎖,為什麼我無法登入成功
帳號解鎖,為什麼我登入失敗
帳號解鎖,為什麼系統不讓我登入
帳號解鎖,為什麼系統不理我
帳號解鎖,為什麼登入不成功
帳號解鎖,是甚麼原因讓我登入失敗
IE相關問題,我的瀏覽器怪怪的
IE相關問題,瀏覽器無法顯示
IE相關問題,IE顯示錯誤
IE相關問題,瀏覽器很當
IE相關問題,瀏覽器沒有回應
IE相關問題,無法顯示網頁
IE相關問題,無法開啟網頁
IE相關問題,顯示這個網頁時發生錯誤
IE相關問題,無法連上這個網站
IE相關問題,網頁顯示怪怪的
IE相關問題,網頁顯示錯誤
IE相關問題,我的網頁看不到
IE相關問題,網頁上的資料怪怪的
IE相關問題,網頁顯示的資料好像是錯的
IE相關問題,瀏覽器沒有我的資料
IE相關問題,我的瀏覽器一直無法顯示
IE相關問題,網站一直上不去
IE相關問題,網站在維護嗎?
IE相關問題,我要更新我的瀏覽器嗎?
IE相關問題,我的瀏覽器版本過舊嗎?
IE相關問題,我要更改瀏覽器甚麼設定嗎?
IE相關問題,瀏覽器出現錯誤
IE相關問題,網頁資料顯示錯誤
IE相關問題,瀏覽器服務連線異常
IE相關問題,瀏覽器服務回應錯誤
IE相關問題,伺服器生發問題
IE相關問題,網頁打不開
IE相關問題,這個網頁無法使用
IE相關問題,瀏覽器無法正常瀏覽網頁
IE相關問題,IE發生內部錯誤
IE相關問題,今天網路怪怪的，IE一直開不起來。
IE相關問題,這個系統只能用IE嗎？
IE相關問題,IE掛了
IE相關問題,IE不大好用，可以用Google的瀏覽器嗎？
IE相關問題,我的電腦好像中毒了，IE開不起來，能不能幫我一下。
IE相關問題,我用我的browser進不了這個系統，你們有特定的browser嗎？
IE相關問題,今天我要登入網站時，都會出現錯誤訊息，幫一下吧。
IE相關問題,要找客服嗎?登不進
IE相關問題,哈囉，該怎麼處理?
IE相關問題,一直開不了，要怎麼辦?
IE相關問題,今天有說暫停使用嗎?
IE相關問題,網頁一直開不了，很急
IE相關問題,IE是不是有固障?
IE相關問題,IE開不了，有教學嗎
IE相關問題,很急，今天IE一直開不了
IE相關問題,IE是不是中毒了
IE相關問題,試過很多方式IE還是開不了
IE相關問題,這個系統有別的方式登入嗎
IE相關問題,我的瀏覽器無法顯示，是該重開機嗎?
IE相關問題,我的IE網頁是黑頻
IE相關問題,哎呀 IE中毒了
IE相關問題,網頁確定是打不開了
IE相關問題,除了IE，還有別的方式嗎
IE相關問題,不知道是哪裏有問題，開不了
IE相關問題,有技術方面可以協助嗎 IE開不了
IE相關問題,IE資料錯顯示錯誤
IE相關問題,IE有別的方式登入嗎
IE相關問題,為什麼一直打不開IE
IE相關問題,急 能協助登入IE嗎
IE相關問題,IE一直出現不對的狀態
IE相關問題,系統訊息錯誤不給開
IE相關問題,這是什麼訊息要怎麼處理
IE相關問題,今天IE會處理好嗎
IE相關問題,IE要如何開啟
IE相關問題,IE中毒要怎麼辦
IE相關問題,有正確的步驟操作嗎?
IE相關問題,IE打不開有步驟操作說明嗎
IE相關問題,網路瀏覽器開不了是因為版本關系嗎
IE相關問題,IE的最裏版本電腦是有影響的嗎
IE相關問題,IE的操作步驟要去哪查詢?
IE相關問題,急，IE還是無法登入
IE相關問題,用了各種方法還是無法登入
IE相關問題,請問能請專業的人協助如何登入嗎
IE相關問題,IE登入是失敗
IE相關問題,為什麼一直登不進去
IE相關問題,是什麼原因才登不進去?
IE相關問題,訊息顯示錯誤，不知哪裏有問題
IE相關問題,新手，不知該怎麼排解
IE相關問題,IE登不進去，請儘快協助
IE相關問題,該要麼排除登不進去的訊息?
IE相關問題,瀏覽器有分舊版或新版嗎
IE相關問題,瀏覽器舊版登不進去
IE相關問題,瀏覽器只能用IE嗎
IE相關問題,電腦網路不通，我現在是用手機上的瀏覽器。
IE相關問題,資料要怎麼列印出來，我是用IE瀏覽器。
IE相關問題,上你們的網站時，覺得卡卡的。
IE相關問題,是不是你們的伺服器有問題啊？
IE相關問題,我實在不喜歡用IE。
IE相關問題,IE很遜，能換成Chrome嗎？
IE相關問題,網站查到的資料怎麼列印出來呢？
IE相關問題,如何把網頁儲存下來。
IE相關問題,如何把IE查到的資料下載下來？
IE相關問題,我的IE很久沒更新了，好像上不了你們的網站了。
IE相關問題,IE很廢，建議增加Google瀏覽器的選項。
IE相關問題,你們居然用IE才能登入網頁！
IE相關問題,我電腦裡面根本沒有IE，也不想安裝IE。
IE相關問題,我把IE移除了，你們要強迫我安裝回來嗎？
IE相關問題,每次打開IE就當掉，煩死了。
IE相關問題,我用Chrome上你們的網站，卡卡的。
IE相關問題,大家都在用Chrome，你們卻選擇IE？
其他,請問詢問處在哪裡?
其他,這班飛機要到哪一個登機門登機?
其他,請在下個路口停車
其他,不用找錢了
其他,我想要預訂一間單人房
其他,請問房價有包含早餐嗎?
其他,請問早餐幾點供應?
其他,你們有收哪些信用卡?
其他,房間裡有網路嗎?
其他,可以幫我叫計程車嗎?
其他,我要退房和結帳
其他,這個位子很好，謝謝
其他,請給我菜單
其他,不好意思，我們可以點餐了
其他,不好意思，我點的餐點有問題。
其他,我們要買單
其他,我想用現金付錢
其他,這附近有提款機嗎?
其他,我想試穿這件洋裝
其他,這件衣服不太合身
其他,我要買這個
其他,這班飛機幾點登機?
其他,可以麻煩給我收據嗎?
其他,這裡有從機場去市中心的巴士嗎?
其他,我想要使用客房服務點餐
其他,這裡最受歡迎的餐點是什麼呢?
其他,最近有什麼優惠活動嗎?
其他,我們想坐在靠窗的位子
其他,麻煩告訴我廁所在哪裡
其他,我想嘗試一下當地食物
其他,我想吃義大利麵
其他,我要吃水餃
其他,可以幫我撿貝殼嗎?
其他,貓咪好可愛
其他,我喜歡橘貓
其他,黑狗好可怕
其他,我愛水瀨
其他,請問衣服還有別的尺寸嗎
其他,這個包包有小一點的嗎?
其他,這雙鞋子有別的顏色嗎?
其他,宅配配送是哪一家呢
其他,馬桶不通要怎麼辦
其他,可以約你吃飯嗎？
其他,你有空嗎，喝杯咖啡怎樣？
其他,今天想去哪裏約會?
其他,今天的天空非常的藍
其他,我想去台北車站要搭幾號公車?
其他,手機收不到訊號
其他,您撥的電話通話中
其他,您撥的電話是空號，請查明後再撥
其他,明天有放颱風假嗎？
其他,颱風天也要上班嗎?
其他,我的桌面非常亂
其他,我的臉該保養一下了
其他,這二件衣服都好喜歡
其他,怎麼辦 ，好難決擇要哪個顏色
其他,這家餐廳不好吃踩雷
其他,這家店服務態度不好
其他,好想吃羅宋麵包
其他,好想出國玩
其他,我不想去公司，累!
其他,人生短短幾個秋
其他,我的保溫杯壞了
其他,你家的狗狗太可愛了
其他,中秋節一定要烤肉嗎
其他,這鞋都穿破了
其他,現在的房子都好美
其他,你人真好
其他,可以再續杯嗎
其他,現在不提供塑膠袋了
其他,自備環保杯有折扣哦!
其他,打卡按讚都享有折扣哦
其他,早餐店都漲價了
其他,我們早餐都自己在家料理
其他,外面下雨了
其他,忘了帶雨具
其他,好期待下雪哦
其他,出國有什麼好買的嗎
其他,獨特嗓音驚豔大家
其他,回頭看看雜亂的房間
其他,我想給你一個難忘的一天
其他,你在求婚嗎
其他,你準備好了嗎
其他,你的幸運色是什麼呢
其他,減肥的人吃鹹酥雞這樣對嗎
其他,請不要讓減肥的人吃垃圾食物了
其他,喝水胖呼吸也胖
其他,有想報名運動課
其他,有人要一起團購嗎
其他,我發現在一家店很低調
其他,清甜的蔥
其他,濃濃咖哩
其他,甜甜玉米
其他,滿滿蔬菜
其他,星期日要辦生日趴
其他,現在肚子好餓
其他,別人吃便當我在減肉肉
其他,希望明天是休假天
其他,小姐妳很漂亮喔
其他,聽說柯文哲要選總統
